{"dNQBiqExeemXuCEPa0WaDQ==":"tumblr_7168db9859a0b6dd54c191231af55617_8aef2d39-640-640x940.jpeg","iPBF4Nlf+goYGowD33E/Bw==":"7-1200x1200.jpeg","jFtI9R+r95XUlWGVuou6dg==":"7-1-1200x1200.jpeg","PPcm1gD08GcPGeWu68BXgg==":"17-1200x1200.jpeg","/ZzLTZsoQfTC61qY3vEY4Q==":"mbr-1920x1281.jpg","G1QbPk39TZBL13qt/YyxYg==":"1-11-1200x900.jpeg","sY7W0kOFEXmsLj4dMxf61w==":"1-12-1200x900.jpeg","rvPGiHuiS97NCTE6sctLEw==":"logo.png","EOqB83w1NTU01XdpOBOSBA==":"baphomet-128x128.png","KgNvwHxaV4k8B7gJ8jRGkQ==":"pentagram-128x128.png","Gp5Bd0GYelg+stzXo2KRtg==":"mbr-1620x1080.jpg","bfahkxrexuHCndYGYxnD5A==":"mbr-1400x937.jpg","WM0aRp1m54acySBTHQAIJg==":"1-55-564x902.jpeg","ThS2P5QGHvfrte/9eWDKYQ==":"1-14-640x743.jpeg","GKTojfD2SF7PAJusDHcdAw==":"photo_2020-03-01_17-15-54-1280x853.jpeg","5bhbNODAl/hhHIszgKEZZA==":"www5-852x480.jpg","zwHoKOIXuW7K+C45CAwMmA==":"www5-852x480.jpeg","k/zd4iF7UN6ggi3E+xBchQ==":"www2-1280x960.jpeg","UxZ1aLwRnejxmmH0MQYJZw==":"www4-2000x1250.jpeg","+Kl+z1uGeK1/gFVk44QHZQ==":"digitalart-1584721297135-8993-1920x1080.jpeg","CwkieuvA/hjp/kbjspS9aQ==":"spring-1584721219169-8017-1366x768.jpeg","wxrhQDl35ChNUAkXfdpfyA==":"kink1111111111-1259x871.jpeg","P12KAjZ9RG4jyBLC3cDLLA==":"kink1-1259x871.jpeg","Yqzg0CVRGc9F9WLV6qa+7Q==":"1%20(4)-852x480.jpeg","nsqfEMlQD+PtePivPhXbkw==":"www2-1280x960.jpg","9By0roCZadq0W9Iy6yBGnA==":"w3-1300x975.jpg","BmrzTFjySSWS/k3gav6gkw==":"art-1584720841719-3437-1920x1080.jpeg","rXQkl/0k6svyqq577kReiA==":"art-1584720841719-3438-1920x1080.jpeg","znWV90gpuQzg5EPEWdNrYQ==":"art-1584720841719-3439-1920x1080.jpeg","62Wbj9EnTXziGGzjtbsUzw==":"13507-picsay-1280x804.jpeg","U2N9EQkJBMnOWDkokTzZEA==":"13507-picsay-1-1280x804.jpeg","pYgTlrd8V0kv237yiT7w+g==":"cutout-1578418579-601x881.png","MhYapatXlAOiVJ0PivkvWg==":"cutout-1578418580-601x881.png","Swq3Jh41BWRsZUCBqvvfJA==":"cutout-1578418581-601x881.png","qMSRN7t9NpSrZMsAsmVSNA==":"pentagram-picsay-512x512.png","mpefYM38GwKocbCD5S3QqA==":"cutout-1584410935-535x533.png","1CzK0ZsfgfduJ9FFkXfj1Q==":"instasave-picsay-1080x1080.jpeg","IWa5X6sqm4dqrozGlOaP1w==":"star-pentagon-512x512.png","H5ci7fxOeCX36oF/ErsYog==":"1-95-1200x1163.jpeg","T7yC6M93TDVFBKZoZdvOew==":"1-96-1200x1163.jpeg","Kp2MXl5KmY4uKDp7yYiLZw==":"pentagram-picsay-128x128.png","ocuessdY4Ox9QaqxbqItTw==":"pentagram-picsay-1-128x128.png","yFOUe3Z/6pgXMgGQ4iIUBw==":"pentagram-1-128x128.png"}